name,email,birthday,group,phone,type
Nurdaulet,[nurdaulet@gmail.com](mailto:nurdaulet@gmail.com),2003-05-14,Friend,87010000001,mobile
Azamat,[azamat@gmail.com](mailto:azamat@gmail.com),2002-09-21,Work,87010000002,work
Ernur,[ernur@gmail.com](mailto:ernur@gmail.com),2003-01-10,Friend,87010000003,mobile
Tamerlan,[tamerlan@gmail.com](mailto:tamerlan@gmail.com),2001-12-05,Family,87010000004,home
Alizhan,[alizhan@gmail.com](mailto:alizhan@gmail.com),2003-07-18,Friend,87010000005,mobile
Danial,[danial@gmail.com](mailto:danial@gmail.com),2002-03-30,Work,87010000006,work
Estay,[estay@gmail.com](mailto:estay@gmail.com),2004-06-11,Other,87010000007,mobile
Dias,[dias@gmail.com](mailto:dias@gmail.com),2003-10-25,Friend,87010000008,mobile
Nurtas,[nurtas@gmail.com](mailto:nurtas@gmail.com),2002-08-09,Family,87010000009,home
